csvtest,11,11,111,11
csvtest,12,12,112,12
csvtest,13,13,113,13
csvtest,14,14,114,14
csvtest,15,15,115,15
csvtest,16,16,116,16
csvtest,17,17,117,17
csvtest,18,18,118,18
csvtest,19,19,119,19
csvtest,20,20,120,20
csvtest,21,21,121,21
csvtest,22,22,122,22
csvtest,23,23,123,23
csvtest,24,24,124,24
csvtest,25,25,125,25
csvtest,26,26,126,26
csvtest,27,27,127,27
csvtest,28,28,128,28
csvtest,29,29,129,29
csvtest,30,30,130,30
csvtest,31,31,131,31
csvtest,32,32,132,32
csvtest,33,33,133,33
csvtest,34,34,134,34
csvtest,35,35,135,35
csvtest,36,36,136,36
csvtest,37,37,137,37
csvtest,38,38,138,38
csvtest,39,39,139,39
csvtest,40,40,140,40
csvtest,41,41,141,41
csvtest,42,42,142,42
csvtest,43,43,143,43
